titulo,precio,kilometros,anio
BMW F 800,47500000,79306,2013
Honda Dio,47500000,74496,2022
Yamaha XTZ,47000000,72699,2017
Honda Dio,47000000,72128,2024
Honda XR,46000000,71692,2024
Honda CB,46000000,69108,2024
Honda XR,45500000,68236,2024
Honda XRE,45500000,65276,2024
Honda Navi,45000000,62589,2024
Honda Navi,45000000,61972,2024
Honda PCX,45000000,58636,2024
Honda CB,45000000,57283,2024
Honda XBlade,45000000,54323,2024
Honda CB,44900000,51288,2024
Honda CB,44500000,51236,2024
Honda XBlade,44000000,47626,2024
BMW F850,44000000,45594,2023
AKT AK,43000000,45594,2018
BMW C400,42500000,44671,2023
BMW R 1200,42500000,44352,2023
Honda XR,42000000,43868,2020
BMW F750,42000000,43448,2021
BMW F 700,42000000,43447,2018
KTM RC,42000000,42724,2023
KTM Duke,42000000,42388,2023
BMW R 1200,42000000,41566,2023
BMW F900,42000000,41392,2023
Kawasaki Versys,41000000,40694,2023
Yamaha MT,40500000,39995,2023
BMW F650 GS Dakar,40000000,39521,2023
Suzuki Address,40000000,39283,2024
AKT AK,40000000,39223,2023
Harley Davidson Sportster,40000000,39201,2014
Bajaj Pulsar,40000000,38935,2017
Kymco Agility,40000000,36715,2019
Bajaj Pulsar,40000000,36356,2022
Honda XRE,39900000,35108,2017
BENELLI 502,39600000,34854,2023
Honda CBF,39590000,34567,2020
Hero Xpulse,39500000,34457,2023
Royal Enfield Classic,39000000,34414,2019
Yamaha Bws,39000000,34412,2018
Suzuki Burgman,39000000,33945,2023
VICTORY MRX,39000000,33746,2024
Ducati Superbike,39000000,33475,2015
Yamaha Vimax,39000000,33281,1993
Suzuki Vstrom,38390000,33258,2022
KTM Duke,38000000,33137,2022
BENELLI TNT,38000000,32878,2022
Yamaha XTZ,37900000,32156,2020
Aprilia Tuono,37000000,32126,2023
Suzuki DL650,37000000,31193,2023
Yamaha MT,37000000,30752,2018
BENELLI Leoncino,37000000,29593,2023
Honda XR,37000000,29498,2016
Yamaha Tracer,37000000,29309,2019
Yamaha FZ,36000000,29132,2022
CAN-AM Commander,36000000,28752,2014
Suzuki GIXXER,36000000,27516,2022
Ducati Monster,36000000,26997,2013
KTM Lc,35000000,26809,2003
Honda CB,35000000,26121,2022
Suzuki DL650,35000000,25237,2024
BENELLI 302,35000000,25055,2022
Honda XBlade,35000000,24904,2022
KTM Adventure,35000000,24708,2021
Kymco Agility,35000000,24263,2017
Harley Davidson Sportster,35000000,24263,2013
BENELLI 302,35000000,23653,2023
Yamaha XT,34500000,23533,2015
Honda XRE,34000000,23533,2023
Honda PCX,34000000,22425,2022
AKT Dynamic,34000000,22222,2017
Aprilia Sr,33500000,21724,2022
Hero Hunk,33500000,21513,2022
Honda CBR,33500000,21286,2012
Yamaha Bws,33500000,21247,2015
AKT AK,33500000,21243,2022
Aprilia Sr,33000000,21163,2022
Honda CBF,33000000,20819,2021
Kawasaki KLX,33000000,20457,2021
Yamaha MT,33000000,20393,2023
Suzuki Gs,33000000,20363,2018
Yamaha FINO,33000000,19646,2015
Honda XR,33000000,19495,2022
Suzuki GZ,33000000,18972,2016
Suzuki Vstrom,33000000,18705,2020
Aprilia Sr,33000000,18541,2015
AKT CR4,32500000,18256,2022
Bajaj Pulsar,32500000,17926,2022
Yamaha Virago,32500000,17287,2001
Kawasaki Z,32200000,16959,2017
Honda CB,32000000,15888,2018
AKT Jet 5,32000000,15637,2019
BMW G 310,32000000,15623,2021
BMW F650 GS Dakar,32000000,15411,2007
Yamaha Yzf,32000000,15361,2009
BMW R 1200,32000000,15338,2016
Hero Dash,32000000,14985,2020
BMW K 1200,32000000,14582,2016
Suzuki DL650,31999900,14252,2011
BMW R Nine,31990000,13654,2018
Xinling Motocargo,31500000,13307,2012
Bajaj Pulsar,31000000,13222,2019
Honda XRE,31000000,13185,2017
Honda XRE,31000000,13127,2023
VICTORY Black,31000000,13087,2023
AKT TT,30500000,13062,2022
Suzuki GIXXER,30500000,12437,2023
AKT 100 spor,30149000,12279,2024
Suzuki GN,30000000,11696,2022
Yamaha Yzf,30000000,11452,2021
Yamaha Fazer,30000000,11451,2019
VICTORY Nitro,30000000,11263,2023
Honda CBR,30000000,11245,2022
VICTORY Bomber,29990000,11088,2023
Suzuki SV,29900000,10907,2019
AKT Jet,29100000,10829,2023
Suzuki Vstrom,29000000,10829,2020
Yamaha FZ,29000000,10657,2012
Kymco Twist,29000000,10599,2021
Kymco Agility,29000000,10563,2022
BMW G 310,28800000,10437,2020
Bajaj Pulsar,28500000,10435,2012
TVS Apache,28500000,10405,2023
VICTORY Black,28500000,10154,2021
Kymco Agility,28000000,9905,2017
Bajaj Pulsar,28000000,9653,2012
Hero Xpulse,28000000,9451,2023
Suzuki Gsx,28000000,9035,2019
Kymco Agility,28000000,8978,2020
Auteco Combat,28000000,8973,2022
Kymco V7 III Special,28000000,8765,2018
UM Xtreet,28000000,8753,2010
Yamaha XTZ,28000000,8684,2019
TVS Apache,27900000,8671,2020
KTM Duke,27500000,8596,2020
Royal Enfield Bullet Classic,27500000,8383,2023
KTM Adventure,27000000,8303,2022
SYM Crox,27000000,8224,2012
VICTORY Bomber,27000000,8126,2022
Kymco Agility,27000000,8095,2008
Kymco Agility,27000000,8065,2019
Honda Dio,26500000,7902,2021
Honda XR,26500000,7679,2023
Honda Odyssey,26500000,7598,2017
Yamaha Yzf,26200000,7549,2022
Yamaha YBRZ,26000000,7544,2023
Suzuki GIXXER,26000000,7543,2024
Yamaha XTZ,26000000,7535,2019
Suzuki DR,26000000,7469,2022
Yamaha FZ,26000000,7462,2020
Bajaj Discover,26000000,7196,2016
Yamaha MT,26000000,7103,2016
BENELLI TNT,26000000,6962,2022
Jialing Jh 125,25900000,6911,2005
Bajaj Pulsar,25900000,6889,2023
Honda Dio,25500000,6861,2022
Bajaj Platino,25500000,6786,2009
Yamaha SZ-R,25500000,6775,2015
Royal Enfield HIMALAYAN,25000000,6721,2021
YGM Sport,25000000,6701,2023
Honda Dio,25000000,6454,2020
Yamaha Xmax,25000000,6422,2023
AKT 110,25000000,6364,2021
Kawasaki Z,25000000,6344,2016
BENELLI 302,24900000,5999,2021
BMW F 800,24500000,5912,2010
Yamaha NMax,24500000,5638,2022
SYM Jet 14,24500000,5583,2021
Hero Xpulse,24500000,5504,2021
Yamaha Bws,24000000,5388,2006
Yamaha Yzf,24000000,5246,2017
Yamaha Bws,24000000,5125,2018
Yamaha Fazer,24000000,5114,2015
Honda CB,24000000,5099,2022
BMW R1250,24000000,5039,2021
Suzuki DR,24000000,4999,2023
Suzuki DR,23800000,4989,2023
TVS Apache,23700000,4746,2020
Honda XRE,23500000,4685,2020
Hero Xpulse,23500000,4655,2021
Bajaj Pulsar,23500000,4644,2023
Honda CBF,23500000,4515,2013
Ducati Diavel,23500000,4444,2015
VICTORY Swith,23500000,4307,2021
Yamaha NMax,23400000,4252,2022
Suzuki GIXXER,23000000,4225,2021
Kymco Agility,23000000,4134,2020
Royal Enfield HIMALAYAN,23000000,4091,2020
Kymco Agility,23000000,4071,2022
Hero Hunk,22999999,4033,2022
VICTORY Bold,22990000,4002,2021
TVS Sport,22700000,3825,2022
VICTORY One,22500000,3612,2019
Kymco Agility,22500000,3597,2019
AKT TTR,22500000,3537,2018
AKT Dynamic,22500000,3517,2020
BMW G 310,22500000,3497,2020
VICTORY One,22000000,3366,2022
AKT AK,22000000,3329,2020
Kymco Twist,22000000,3209,2022
Honda Navi,22000000,2989,2018
AKT Dynamic,22000000,2914,2019
AKT Evo,22000000,2898,2012
Honda XR,22000000,2889,2019
VICTORY Life,21900000,2878,2023
Yamaha Fzr,21700000,2858,2023
KTM RC,21500000,2827,2019
Yamaha MT,21500000,2738,2023
AKT Adventure,21500000,2735,2021
Suzuki Gsx,21500000,2709,2022
TVS Apache,21500000,2575,2018
VICTORY Black,21500000,2419,2022
Honda CB,21300000,2418,2022
Honda CB,21000000,2404,2020
Auteco Combat,21000000,2385,2022
Bajaj Boxer,21000000,2349,2023
VICTORY MRX,21000000,2339,2021
Yamaha XTZ,21000000,2334,2022
AIMA Evolution,21000000,2309,2023
AKT AK,21000000,2306,2020
Yamaha Fazer,21000000,2215,2016
Honda CB,20990000,2096,2019
Kymco Agility,20900000,2071,2015
Honda Wave,20800000,1916,2021
Suzuki GN,20500000,1915,2024
Kymco Rocket,20500000,1891,2016
Kymco Xtown,20500000,1872,2020
Honda XRE,20000000,1863,2023
TVS Apache,20000000,1785,2017
AKT Dynamic,20000000,1749,2021
AKT Adventure,20000000,1745,2022
VICTORY Life,20000000,1695,2023
Suzuki GIXXER,20000000,1665,2023
Honda CB,20000000,1595,2023
Honda CB,20000000,1595,2022
Hero Xpulse,19900000,1588,2021
AKT 110 X Smart,19800000,1586,2022
Yamaha Yzf,19599000,1566,2023
Suzuki GSX,19500000,1565,2015
AKT CR4,19500000,1544,2021
Suzuki DL650,19500000,1537,2011
BMW G 310,19300000,1515,2018
Bajaj Pulsar,19300000,1433,2023
NIU NQi,19000000,1405,2022
Yamaha Crypton,19000000,1372,2023
Honda CB,19000000,1329,2022
TVS Apache,19000000,1284,2019
Bajaj Dominar,19000000,1252,2021
AKT CR4,19000000,1239,2021
BMW GS 1200,19000000,1225,2013
Honda XR,19000000,1189,2020
Suzuki XF,18800000,1174,2004
BENELLI TRK,18700000,1132,2022
Honda CBF,18500000,1116,2021
Xinling JLF,18500000,1093,2015
Honda XBlade,18500000,1075,2022
Royal Enfield Classic,18500000,1069,2023
BENELLI 302,18500000,1045,2022
VICTORY MRX,18500000,1038,2023
AKT CR4,18500000,1029,2022
Bajaj Dominar,18500000,1028,2022
Kymco Agility,18500000,1025,2020
Bajaj Pulsar,18500000,1023,2023
Bajaj Discover,18500000,990,2021
Bajaj Maxima Cargo,18300000,990,2022
Honda XRE,18000000,983,2023
Bajaj Discover,18000000,970,2015
AKT CR4,18000000,950,2023
Suzuki GIXXER,18000000,940,2023
AKT Jet,18000000,930,2014
KTM TVS,18000000,900,2022
Yamaha T115,18000000,895,2023
Suzuki GIXXER,18000000,894,2023
Honda Navi,18000000,880,2023
Honda Navi,18000000,871,2023
BENELLI 180,18000000,865,2021
TVS Apache,18000000,855,2023
TVS Apache,17900000,840,2019
Honda XR,17800000,831,2023
Honda XR,17724000,812,2023
AKT Dynamic,17500000,805,2023
AKT AK,17500000,805,2024
Yamaha Mt03,17300000,803,2020
AKT Urbana,17200000,800,2022
Bajaj Pulsar,17000000,792,2022
Royal Enfield Classic,17000000,785,2017
BMW F750,17000000,764,2022
Yamaha NMax,17000000,750,2021
Yamaha XT,17000000,750,2016
Yamaha XTZ,17000000,750,2023
Honda Elite,17000000,740,2012
Honda XR,17000000,735,2019
Yamaha MT,17000000,734,2015
TVS Neo,16990000,729,2023
Yamaha XTZ,16990000,725,2022
Kymco Spike,16900000,719,2015
Bajaj Pulsar,16800000,712,2022
AKT Evo,16800000,710,2012
Yamaha FZ,16800000,705,2021
Royal Enfield Bullet Classic,16600000,700,2023
Yamaha Bws,16500000,700,2018
Harley Davidson Iron,16500000,700,2021
Honda Dio,16500000,675,2023
Kymco Agility,16500000,665,2022
Suzuki Gs,16500000,654,2016
Suzuki GSX,16500000,653,2023
Royal Enfield Bullet,16500000,650,2022
Yamaha NMax,16500000,650,2022
Kawasaki KLX,16500000,646,2016
Yamaha Bws,16500000,645,2019
Harley Davidson Sportster,16500000,645,2015
Kymco Like,16250000,625,2012
Vespa GTS,16200000,625,2017
Bajaj Pulsar,16100000,625,2022
Kawasaki Ninja,16000000,607,2014
Bajaj Boxer,16000000,602,2023
AKT CR5,16000000,600,2019
TVS Apache,16000000,600,2022
Kymco Agility,16000000,588,2022
AKT Adventure,16000000,583,2016
AKT Dynamic,16000000,578,2017
Yamaha Bws,16000000,576,2012
Yamaha NMax,16000000,565,2021
Yamaha Yzf,16000000,556,2022
Honda CB,16000000,555,2024
VICTORY Nitro,16000000,552,2023
TVS Apache,16000000,545,2023
Hero Splendor,16000000,536,2023
VICTORY One,15990000,535,2023
Yamaha YCZ,15900000,533,2023
Honda CB,15900000,529,2024
Bajaj Pulsar,15900000,525,2023
Yamaha MT,15900000,520,2022
Suzuki GIXXER,15800000,514,2022
Kymco Twist,15800000,512,2018
Bajaj Pulsar,15700000,505,2010
VICTORY Life,15700000,501,2023
KTM Duke,15700000,500,2021
Honda CBR,15600000,500,2012
BMW G 310,15500000,500,2022
Honda CBR,15500000,500,2021
Yamaha Bws,15500000,500,2020
Honda CB,15500000,500,2020
TVS Apache,15500000,500,2020
Yamaha FZ,15500000,496,2022
Bajaj Discover,15500000,495,2023
Kymco Like,15500000,485,2012
BMW R 1200,15500000,485,2017
Yamaha FZ,15500000,485,2016
Bajaj Pulsar,15500000,473,2017
KTM Duke,15300000,465,2021
Honda CBF,15300000,465,2023
Bajaj Pulsar,15200000,462,2019
AKT Jet 5,15200000,460,2019
Suzuki GZ,15000000,455,2016
Honda CB,15000000,450,2020
Kymco Agility,15000000,445,2023
KTM Duke,15000000,445,2022
Bajaj Pulsar,15000000,438,2023
VICTORY Venom,15000000,435,2022
KTM Duke,15000000,435,2023
BENELLI TRK,15000000,428,2022
Yamaha Bws,15000000,428,2015
Yamaha Crypton,15000000,425,2023
Kymco Agility,15000000,422,2024
Honda Dio,15000000,416,2023
Hero Xpulse,15000000,415,2022
AKT CR4,15000000,413,2023
AKT TTR,15000000,405,2022
Yamaha Tracer,15000000,403,2016
AKT TTR,15000000,403,2024
Suzuki GSX,15000000,400,2024
Yamaha XTZ,15000000,400,2012
Yamaha XTZ,15000000,400,2023
Yamaha XTZ,15000000,395,2023
AKT Dynamic,15000000,393,2022
Kymco Agility,15000000,392,2014
TVS Raider,14900000,387,2023
BENELLI TRK,14900000,387,2022
Yamaha FZ,14900000,387,2018
Hero Hunk,14900000,375,2023
Bajaj Pulsar,14800000,374,2021
Suzuki Vstrom,14800000,373,2016
AKT 125 Sport,14800000,373,2022
Yamaha NMax,14800000,372,2023
Suzuki DL650,14800000,368,2011
Aprilia Sr,14800000,365,2022
AKT AK,14790000,365,2021
Suzuki GIXXER,14700000,356,2019
Bajaj Pulsar,14700000,352,2023
AIMA Power 3,14700000,350,2022
BMW F 700,14600000,349,2013
Bajaj Pulsar,14500000,348,2023
Yamaha Xmax,14500000,345,2022
Suzuki LETS,14500000,345,2015
VICTORY Venom,14500000,343,2021
Yamaha Ybr,14500000,342,2016
Honda Navi,14500000,342,2021
AKT Evo,14500000,342,2015
AKT TVS,14500000,336,2023
Suzuki GIXXER,14500000,335,2022
Honda XBlade,14500000,334,2023
Suzuki AX,14500000,333,2021
KTM Duke,14500000,333,2021
Honda CBR,14500000,333,2015
Bajaj Pulsar,14500000,332,2012
Bajaj Dominar,14500000,330,2022
Yamaha Fazer,14425000,325,2016
BENELLI Leoncino,14400000,322,2023
VICTORY Bomber,14400000,318,2022
Bajaj Pulsar,14400000,317,2020
Ducati Hypermotard,14300000,315,2023
VICTORY Black,14200000,315,2023
Yamaha FZ,14100000,315,2020
AKT Dynamic,14000000,313,2020
BMW G 310,14000000,307,2018
Honda Navi,14000000,306,2024
Yamaha XTZ,14000000,305,2023
Suzuki BEST,14000000,305,2012
AKT TTR,14000000,305,2023
Suzuki GIXXER,14000000,304,2022
Yamaha FZ,14000000,302,2013
Piaggio Typhoon,14000000,300,2015
VICTORY Venom,14000000,300,2022
AKT Dynamic,14000000,300,2023
Bajaj Discover,14000000,300,2023
Yamaha FZ,14000000,299,2022
Honda CBF,14000000,295,2014
Suzuki Gsx,14000000,295,2023
Yamaha Crypton,14000000,295,2018
Yamaha Majestic,14000000,295,2023
Honda CBF,14000000,295,2023
Kymco Agility,14000000,293,2023
Yamaha Yzf,14000000,289,2023
BENELLI 502,14000000,287,2019
BMW Hp2,14000000,287,2017
Yamaha YCZ,14000000,286,2023
VICTORY Bomber,13999000,285,2022
KTM Duke,13990000,285,2022
Bajaj Dominar,13900000,285,2022
Kymco Twist,13800000,283,2021
AKT 100,13800000,280,2024
Kymco Twist,13750000,279,2017
BMW R 1200,13700000,278,2017
Kawasaki Z,13649000,276,2015
BMW G 310,13600000,275,2022
UM Renegade,13600000,274,2014
Suzuki GIXXER,13600000,272,2022
Yamaha Bws,13600000,266,2018
Hero Thriller,13500000,265,2018
Honda CB,13500000,265,2021
Kymco Agility,13500000,264,2022
Honda CBF,13500000,258,2010
Honda CBF,13500000,257,2020
Yamaha MT,13500000,256,2017
AKT 100,13500000,255,2022
Yamaha NMax,13500000,253,2019
BMW GS 1200,13500000,251,2010
Yamaha NMax,13500000,250,2024
VICTORY Bold,13500000,250,2023
Suzuki Burgman,13500000,248,2020
Bajaj Dominar,13500000,248,2022
BENELLI TRK,13500000,247,2022
BMW G 310,13500000,247,2022
NIU NQi,13400000,245,2022
AKT TTR,13300000,245,2015
Hero Hunk,13300000,243,2023
BENELLI TNT,13300000,239,2021
Hero Hunk,13200000,238,2023
Yamaha SZ-R,13100000,237,2015
BENELLI Leoncino,13100000,237,2022
Suzuki DL650,13100000,237,2014
BENELLI TNT,13000000,236,2021
Yamaha Bws,13000000,235,2018
Kymco Fly,13000000,235,2014
Suzuki GIXXER,13000000,234,2020
VICTORY MRX,13000000,233,2016
BMW R 1200,13000000,231,2013
BENELLI TRK,13000000,230,2023
Suzuki Inazuma,13000000,229,2013
Yamaha FZ,13000000,227,2019
Bajaj Pulsar,13000000,227,2020
Jialing Enduro,13000000,227,2021
Yamaha FZ,13000000,226,2022
Suzuki GIXXER,13000000,226,2024
Yamaha FZ,13000000,225,2020
BENELLI 180,13000000,225,2022
BENELLI 302,13000000,224,2023
VICTORY Bold,13000000,224,2021
Royal Enfield HIMALAYAN,13000000,223,2021
Kymco Agility,13000000,222,2017
Suzuki DR,13000000,221,2019
Bajaj Pulsar,13000000,218,2023
Bajaj Dominar,13000000,216,2019
TVS Apache,13000000,216,2020
Yamaha Bws,13000000,215,2021
VICTORY Venom,12900000,215,2023
BMW F 800,12800000,215,2013
TVS Apache,12800000,215,2023
Kymco Agility,12750000,212,2020
BENELLI Leoncino,12700000,212,2020
Honda XR,12700000,211,2019
KTM RC,12700000,209,2020
Honda Elite,12600000,207,2015
VICTORY Venom,12500000,206,2023
Vespa VXL,12500000,205,2021
Yamaha Ybr,12500000,205,2021
Bajaj Pulsar,12500000,205,2020
Honda Navi,12500000,204,2018
AKT TTR,12500000,204,2022
KTM Duke,12500000,204,2021
Bajaj Pulsar,12500000,203,2021
Royal Enfield HIMALAYAN,12500000,202,2021
VICTORY Venom,12500000,202,2023
Suzuki DL,12500000,201,2014
BENELLI 180,12500000,200,2023
BENELLI TNT,12500000,198,2023
BMW G 310,12500000,196,2023
AKT Dynamic,12500000,196,2019
Bajaj Dominar,12500000,195,2023
AKT 100 spor,12500000,195,2019
Bajaj Motocarro,12500000,195,2013
Yamaha XTZ,12500000,195,2023
Suzuki GIXXER,12500000,194,2024
Suzuki GIXXER,12500000,192,2023
Kawasaki Ninja,12500000,191,2017
AKT 125 Sport,12500000,190,2023
VICTORY MRX,12500000,189,2016
Kymco Agility,12500000,187,2018
Honda Dio,12500000,186,2020
KTM Adventure,12400000,185,2021
VICTORY Venom,12350000,185,2021
KTM Adventure,12300000,185,2021
BENELLI 180,12300000,185,2023
Suzuki Best,12300000,185,2012
YGM 200,12300000,185,2023
Piaggio Motocarro,12300000,184,2021
Honda Dio,12200000,183,2021
Yamaha FZ,12200000,183,2021
Yamaha FZ,12200000,182,2021
VICTORY Black,12200000,179,2022
Auteco Bravo,12100000,176,2021
AKT AK,12100000,176,2023
Yamaha Xmax,12100000,175,2022
VICTORY Bold,12000000,175,2023
Hero Hunk,12000000,175,2024
Hero Hunk,12000000,175,2022
Bajaj Pulsar,12000000,175,2022
Yamaha Bws,12000000,174,2019
Suzuki GIXXER,12000000,173,2022
AKT TTR,12000000,170,2020
Yamaha MT,12000000,169,2017
Piaggio Motocarro,12000000,168,2021
Piaggio Motocarro,12000000,165,2021
Kymco Agility,12000000,165,2020
BMW GS 1200,12000000,165,2007
Bajaj Dominar,12000000,165,2022
Kawasaki Z,12000000,165,2019
Yamaha FZ,12000000,164,2018
VICTORY Life,12000000,163,2022
AKT CR5,12000000,163,2021
Kymco Agility,12000000,163,2021
Yamaha Yzf,12000000,160,2016
AKT AK,12000000,159,2023
TVS Apache,12000000,158,2022
BMW GS,12000000,158,2018
Royal Enfield Classic,12000000,157,2020
Yamaha DT,12000000,157,1999
Yamaha Yzf,12000000,156,2021
Yamaha NMax,12000000,156,2022
VICTORY Nitro,12000000,155,2021
Yamaha NMax,12000000,155,2019
Suzuki GIXXER,12000000,155,2021
Yamaha Yzf,12000000,155,2022
Bajaj Dominar,12000000,155,2024
TVS Apache,12000000,155,2023
VICTORY Life,12000000,155,2021
Yamaha Raptor YFM,12000000,154,2005
AKT CR4,12000000,153,2024
KTM Duke,12000000,152,2022
Honda CB,12000000,152,2006
Honda CBR,11990000,151,2023
Honda CBF,11924000,151,2012
Suzuki Vstrom,11900000,150,2018
AKT Adventure,11800000,150,2022
BMW F 800,11800000,150,2007
AKT Dynamic,11800000,150,2015
Kymco Agility,11800000,149,2016
Suzuki DRZ,11799999,148,2023
Kymco Agility,11700000,148,2023
AKT Dynamic,11700000,146,2021
Ducati Multistrada,11624000,146,2005
Suzuki GIXXER,11624000,146,2023
Honda XBlade,11600000,145,2023
AKT Dynamic,11600000,145,2023
Honda Dio,11600000,145,2022
Yamaha MT,11600000,145,2020
Yamaha Yzf,11600000,145,2016
Yamaha NMax,11600000,144,2018
KTM Duke,11500999,143,2022
KTM Duke,11500000,143,2020
Suzuki DL650,11500000,142,2015
Suzuki GIXXER,11500000,142,2023
Yamaha XTZ,11500000,142,2023
BENELLI TRK,11500000,142,2022
Hero Hunk,11500000,141,2022
Kawasaki Z,11500000,140,2022
KTM Duke,11500000,139,2017
AKT Dynamic,11500000,138,2023
BMW GS,11500000,138,2018
BMW G 310,11500000,138,2017
Kymco Agility,11500000,135,2023
Honda CB,11500000,135,2019
Honda Turismo,11500000,135,2006
AKT TT,11500000,135,2016
Yamaha FZ,11500000,135,2017
Honda CB,11500000,135,2023
BENELLI TRK,11500000,135,2023
Yamaha XL,11500000,135,2019
Ducati Multistrada,11500000,135,2020
Yamaha Fazer,11500000,135,2014
BMW R 850,11500000,135,2019
Honda Odyssey,11500000,135,2018
Yamaha Tracer,11500000,134,2019
Kawasaki Versys,11500000,134,2020
Yamaha XTZ,11500000,133,2023
VICTORY Bold,11500000,133,2022
AKT Dynamic,11499999,131,2016
Yamaha FZ,11490000,131,2019
Suzuki GN,11400000,130,2022
Bajaj Dominar,11300000,130,2023
Honda CB,11300000,130,2021
Honda Navi,11300000,128,2018
AKT Evo,11300000,128,2015
BENELLI TNT,11290000,128,2023
Suzuki GIXXER,11200000,128,2023
Honda Navi,11200000,128,2018
Bajaj Dominar,11000000,127,2019
Yamaha MT,11000000,126,2022
Yamaha Bws,11000000,126,2017
Honda CB,11000000,125,2023
VICTORY Black,11000000,125,2023
BMW F 800,11000000,125,2013
TVS Apache,11000000,125,2023
Kawasaki Versys,11000000,125,2020
BMW F 650,11000000,125,2010
Honda Elite,11000000,125,2015
Vespa SXL,11000000,125,2021
Auteco Combat,11000000,125,2022
Kawasaki Ninja,11000000,125,2017
Yamaha XTZ,11000000,125,2023
Kymco Agility,11000000,125,2022
AKT RTX,11000000,125,2018
Yamaha XTZ,11000000,125,2019
AKT TT,11000000,124,2018
Honda Navi,11000000,123,2023
AKT Adventure,11000000,123,2016
KTM Duke,11000000,123,2018
BMW GS,11000000,123,2018
Yamaha XL,11000000,121,2018
VICTORY Bomber,11000000,121,2021
Honda CBR,11000000,121,2020
Suzuki AX,11000000,119,2023
Yamaha NMax,11000000,118,2024
Bajaj Pulsar,11000000,118,2017
Honda CBF,10990000,118,2021
Yamaha FINO,10990000,118,2016
Bajaj Pulsar,10990000,118,2023
Suzuki Gs,10900000,118,2012
KTM Duke,10900000,117,2021
BENELLI TRK,10800000,116,2023
KTM Duke,10800000,116,2022
Yamaha Bws,10800000,115,2020
Honda CBR,10800000,115,2020
Yamaha FZ,10800000,115,2022
BENELLI TRK,10800000,115,2022
AKT AK,10700000,115,2010
BENELLI 502,10700000,114,2023
AKT 125 Sport,10700000,114,2022
Yamaha XTZ,10700000,113,2021
Yamaha NMax,10700000,113,2022
Bajaj Pulsar,10700000,113,2022
Kawasaki Z,10600000,113,2015
AKT Dynamic,10600000,112,2023
Kymco Agility,10500000,111,2020
Bajaj Dominar,10500000,109,2023
Yamaha XTZ,10500000,109,2023
Suzuki Gsx,10500000,109,2023
AKT TT,10500000,109,2023
Kymco Agility,10500000,109,2021
Suzuki GIXXER,10500000,108,2020
AKT RTX,10500000,108,2017
AKT Adventure,10500000,108,2017
Suzuki Vstrom,10500000,108,2022
VICTORY Bomber,10500000,107,2022
Yamaha FZ,10500000,107,2021
Kymco Downtown,10500000,107,2013
Bajaj Discover,10500000,107,2023
Suzuki GIXXER,10500000,106,2021
BMW F900,10500000,106,2021
Auteco Bravo,10500000,105,2023
Royal Enfield Continental,10500000,105,2020
KTM RC,10500000,105,2020
Yamaha SZ-R,10500000,105,2019
TVS Apache,10500000,105,2019
TVS Apache,10500000,104,2017
Bajaj Boxer,10500000,103,2022
Suzuki GIXXER,10500000,103,2020
TVS Sport,10500000,103,2022
VICTORY One,10500000,102,2021
TVS Apache,10500000,101,2023
BENELLI TRK,10500000,101,2022
Yamaha Yzf,10500000,101,2020
Honda C-100,10490000,101,2011
Bajaj Discover,10490000,101,2020
Honda CBF,10400000,101,2021
Yamaha MT,10400000,101,2020
Yamaha Xtz,10399999,101,2023
Bajaj Pulsar,10300000,101,2022
Suzuki Access,10300000,101,2021
Suzuki GIXXER,10300000,101,2020
Honda XR,10290000,101,2022
Suzuki GIXXER,10200000,101,2023
AKT Jet 4,10200000,100,2021
Yamaha MT,10200000,100,2017
Yamaha XTZ,10200000,100,2021
Bajaj Dominar,10200000,100,2022
BENELLI TNT,10100000,100,2022
Yamaha YZ,10000000,100,2023
Yamaha FZ,10000000,100,2019
Yamaha Crypton,10000000,100,2018
Honda CB,10000000,100,2017
AKT TTR,10000000,100,2023
AKT 125 Sport,10000000,100,2023
Suzuki GSX,10000000,100,2021
AKT AK,10000000,100,2021
VICTORY Zontes,10000000,100,2023
Yamaha NMax,10000000,100,2021
AKT TT,10000000,100,2023
Gomotor Prince,10000000,100,2006
Honda XR,10000000,100,2022
Yamaha FZ,10000000,100,2020
AKT 125 Sport,10000000,100,2022
Yamaha FZ,10000000,100,2019
Yamaha YBRZ,10000000,100,2022
Kawasaki Er-6n,10000000,100,2014
Bajaj Motocarro,10000000,100,2022
Suzuki GIXXER,10000000,100,2022
Bajaj Dominar,10000000,100,2023
Suzuki GIXXER,10000000,100,2021
Royal Enfield HIMALAYAN,10000000,100,2019
TVS Apache,10000000,100,2022
AKT CR4,10000000,100,2022
Hero Dash,10000000,100,2020
Honda CB,10000000,100,2023
Bajaj Dominar,9999999,100,2022
BMW C400,9999999,100,2019
TVS Apache,9990000,100,2021
Suzuki SV,9990000,100,2019
Bajaj Dominar,9900000,100,2022
Kawasaki Z,9800000,100,2020
Yamaha Xmax,9800000,100,2020
AKT TVS,9800000,100,2020
VICTORY Black,9800000,100,2023
Honda Click,9800000,100,2016
Yamaha Crypton,9800000,100,2022
Honda CB,9800000,99,2021
Yamaha SZ-R,9800000,99,2013
Yamaha NMax,9800000,99,2020
Yamaha FZ,9800000,99,2016
Auteco Summa,9799000,98,2018
Kymco Xtown,9750000,98,2023
Yamaha Bws,9750000,98,2014
Suzuki DR,9700000,98,2013
Honda Dio,9700000,97,2023
Yamaha Grizzly,9700000,97,2014
Suzuki GN,9700000,97,2023
AKT RTX,9700000,96,2021
VICTORY Black,9700000,96,2022
Suzuki GIXXER,9699999,95,2023
BENELLI 302,9600000,95,2022
Royal Enfield Classic,9600000,95,2019
Suzuki GSX,9600000,95,2022
Yamaha FZ,9600000,95,2021
Yamaha SZ-R,9549000,95,2022
Bajaj Pulsar,9500000,95,2023
TVS NTORQ,9500000,95,2022
Honda Dio,9500000,95,2023
Honda Eco,9500000,95,2015
Auteco KTZ,9500000,95,2020
AKT Dynamic,9500000,95,2019
AKT CR4,9500000,95,2022
BMW G 310,9500000,94,2022
Honda CB,9500000,94,2022
Honda CB,9500000,94,2017
Yamaha FZ,9500000,93,2023
TVS Apache,9500000,93,2023
BMW F 800,9500000,93,2013
Auteco Legend,9500000,93,2023
Bajaj Dominar,9500000,93,2023
VICTORY Life,9500000,93,2022
Kymco Fly,9500000,92,2014
Bajaj Maxima Cargo,9500000,92,2020
Suzuki GIXXER,9500000,92,2021
Honda Dio,9500000,92,2023
Kymco Agility,9500000,92,2013
BENELLI TNT,9500000,91,2021
Yamaha Bws,9500000,91,2010
Bajaj Boxer,9500000,91,2021
AMC MT,9500000,90,2022
Honda PCX,9499000,90,2022
Honda PCX,9400000,90,2024
TVS Apache,9400000,90,2020
TVS Raider,9350000,89,2023
Honda CB,9300000,89,2018
BENELLI TNT,9300000,89,2023
BENELLI Imperiale,9200000,89,2019
VICTORY Bomber,9200000,88,2023
BENELLI 302,9200000,87,2022
Yamaha NMax,9200000,87,2021
Bajaj Boxer,9200000,87,2014
Royal Enfield Bullet Classic,9200000,87,2024
Kymco Twist,9200000,87,2019
Suzuki GSX,9200000,86,2022
Kymco Twist,9200000,86,2021
BENELLI 502,9200000,86,2023
AKT City,9100000,86,2013
Honda CBF,9099999,85,2008
BENELLI Leoncino,9000000,85,2022
Suzuki Gs,9000000,85,2011
Honda Navi,9000000,85,2021
Honda VFR,9000000,85,2000
KTM Duke,9000000,85,2015
Bajaj Pulsar,9000000,85,2022
VICTORY Black,9000000,85,2023
Kawasaki Ninja,9000000,85,2015
Yamaha Yzf,9000000,84,2021
AKT AK,9000000,84,2019
Honda Dio,9000000,84,2023
Yamaha Yzf,9000000,83,2023
Suzuki DR,9000000,83,2023
Hero Xpulse,9000000,83,2023
TVS Apache,9000000,83,2019
Bajaj Boxer,9000000,83,2023
Bajaj Pulsar,9000000,82,2019
VICTORY Life,9000000,82,2021
Kawasaki KLX Enduro,9000000,82,2012
BENELLI 180,9000000,82,2022
VICTORY Venom,9000000,82,2022
KTM 300,9000000,82,2022
BENELLI TNT,9000000,81,2022
VICTORY Zontes,9000000,81,2023
Bajaj Pulsar,9000000,81,2022
SYM Crox,9000000,80,2021
UM Xtreet,9000000,80,2011
AKT Dynamic,9000000,80,2023
AKT Dynamic,9000000,80,2023
Hero Xpulse,9000000,80,2023
BENELLI 302,9000000,80,2022
Honda CB,9000000,79,2017
Honda XBlade,9000000,79,2023
TVS Apache,9000000,79,2022
Honda PCX,9000000,78,2017
Bajaj Dominar,9000000,78,2019
BENELLI TNT,9000000,78,2023
Royal Enfield HIMALAYAN,9000000,77,2022
Kymco Downtown,9000000,76,2015
Honda NX,9000000,76,2014
KTM Duke,9000000,76,2022
AKT Evo,9000000,76,2012
VICTORY Venom,8900000,76,2024
BENELLI TNT,8900000,76,2023
Yamaha FZ,8900000,76,2022
VICTORY Bold,8800000,75,2022
Auteco Bravo,8800000,75,2022
BMW G 310,8800000,75,2022
Yamaha MT,8800000,75,2020
AKT Dynamic,8800000,75,2020
Royal Enfield Classic,8800000,75,2020
Auteco Bravo,8799000,75,2022
VICTORY Black,8700000,75,2023
Bajaj Pulsar,8700000,75,2023
Yamaha FZ,8700000,75,2021
ELECTRIBIKE JY 1500,8700000,75,2020
Kymco Twist,8700000,75,2020
Hero Thriller,8700000,74,2018
Bajaj Pulsar,8700000,74,2019
TVS Apache,8700000,74,2019
Yamaha XTZ,8700000,73,2022
BENELLI 180,8690000,73,2019
Bajaj Pulsar,8650000,73,2023
Yamaha XTZ,8600000,73,2019
Honda CBF,8600000,73,2021
Suzuki GSX,8600000,72,2023
KTM Pavimento,8600000,72,2021
Yamaha FZ,8600000,72,2019
Honda PCX,8599999,72,2023
AKT CR4,8500000,71,2023
Bajaj RS,8500000,70,2019
Hero Hunk,8500000,70,2023
Yamaha Yzf,8500000,70,2009
Bajaj Dominar,8500000,70,2023
Hero Splendor,8500000,70,2023
Honda Navi,8500000,70,2023
Yamaha Bws,8500000,69,2020
Yamaha MT,8500000,69,2019
Yamaha Bws,8500000,68,2020
Honda CBF,8500000,68,2018
KTM Duke,8500000,68,2019
Royal Enfield HIMALAYAN,8500000,68,2020
AKT AK,8500000,68,2023
KTM Duke,8500000,68,2022
Royal Enfield HIMALAYAN,8500000,68,2021
Yamaha FZ,8500000,68,2020
TVS NTORQ,8500000,67,2022
Bajaj Pulsar,8500000,67,2022
Kymco Agility,8500000,67,2023
Hero Eco,8500000,67,2021
Kawasaki Vulcan,8500000,67,2008
Yamaha XTZ,8500000,67,2013
Yamaha XTZ,8500000,67,2013
Bajaj Pulsar,8500000,67,2016
BMW F750,8500000,67,2022
Bajaj Pulsar,8500000,67,2019
Yamaha Fazer,8500000,67,2016
KTM RC,8500000,66,2021
AKT CR4,8500000,66,2020
Yamaha SZ-R,8500000,65,2022
Kawasaki Z,8500000,65,2015
BENELLI Leoncino,8500000,65,2022
Kymco Agility,8500000,65,2015
BMW G 310,8500000,65,2019
KTM Duke,8500000,65,2018
BMW GS,8500000,65,2019
Honda CB,8500000,65,2018
Honda CB,8500000,65,2023
Suzuki Gsx,8500000,65,2022
Honda CBF,8500000,65,2017
BMW G 310,8500000,65,2019
BENELLI TNT,8500000,64,2022
KTM Duke,8500000,64,2023
BMW F750,8499000,64,2019
Suzuki GIXXER,8400000,63,2020
Yamaha XTZ,8400000,63,2020
Hero Eco,8400000,63,2020
Yamaha FZ,8399999,63,2020
Hero Xpulse,8350000,63,2023
Yamaha NMax,8339000,63,2022
VICTORY Life,8300000,63,2022
Hero Hunk,8300000,62,2022
TVS Apache,8300000,62,2022
AKT CR4,8300000,61,2023
KTM Duke,8300000,61,2023
VICTORY Bomber,8300000,61,2022
Honda Elite,8300000,61,2016
Hero Eco,8300000,61,2023
Royal Enfield Continental,8300000,60,2020
Yamaha XTZ,8300000,60,2022
BMW F 800,8300000,60,2013
TVS Apache,8300000,60,2023
VICTORY MRX,8300000,60,2022
Yamaha Tracer,8300000,60,2019
Kymco Fly,8300000,60,2016
Harley Davidson Touring,8300000,60,2019
BMW R1250,8250000,60,2022
Bajaj Boxer,8200000,60,2021
Honda CB,8200000,60,2021
AKT CR4,8200000,60,2023
Bajaj Pulsar,8200000,60,2021
Yamaha Xv,8200000,60,2019
Bajaj Naked Shiver,8200000,60,2021
Bajaj Pulsar,8200000,60,2022
Suzuki Gsx,8200000,60,2023
BENELLI 180,8100000,60,2022
VICTORY Life,8100000,60,2022
KTM Adventure,8100000,60,2022
BMW G 310,8000000,60,2022
Yamaha MT,8000000,60,2022
AKT CR4,8000000,60,2021
VICTORY Life,8000000,59,2022
Yamaha Bws,8000000,59,2014
Honda CB,8000000,58,2014
Honda CBF,8000000,58,2009
Harley Davidson Iron,8000000,58,2015
AKT 100,8000000,58,2023
Suzuki Gsx,8000000,58,2015
Bajaj Pulsar,8000000,58,2017
Honda XRE,8000000,58,2018
Suzuki GIXXER,8000000,57,2022
BMW S 1000,8000000,57,2022
Bajaj Dominar,8000000,57,2022
Bajaj Pulsar,8000000,57,2022
Hero Dash,8000000,57,2022
Suzuki GSX,8000000,57,2023
Sigma SG,8000000,57,2014
Yamaha Fazer,8000000,57,2016
Bajaj Pulsar,8000000,57,2021
VICTORY Swith,8000000,57,2022
BMW S 1000,8000000,57,2014
Bajaj Motocarro,8000000,56,2019
KTM 250,8000000,56,2019
Bajaj Pulsar,8000000,56,2011
Hero Hunk,8000000,56,2022
Kymco Downtown,8000000,56,2019
Honda CBR,8000000,56,2022
Kawasaki Z,8000000,56,2013
Bajaj Dominar,8000000,55,2022
AKT Evo,8000000,55,2016
Royal Enfield HIMALAYAN,8000000,55,2022
Suzuki Gsx,8000000,55,2022
Royal Enfield Classic,8000000,55,2017
KTM Duke,8000000,55,2022
Kawasaki KLZ,8000000,55,2014
Honda XBlade,8000000,55,2023
Kymco Twist,8000000,54,2018
Yamaha FZ,8000000,54,2020
Bajaj Dominar,8000000,54,2019
Yamaha XTZ,8000000,54,2021
Yamaha NMax,8000000,54,2022
Yamaha XTZ,8000000,53,2022
BENELLI 302,8000000,53,2023
Aprilia SXR,8000000,53,2022
Honda CBR,7999999,53,2023
Bajaj Pulsar,7999999,53,2022
Yamaha FINO,7900000,53,2016
Bajaj Avenger,7900000,53,2023
Kawasaki Z,7900000,53,2016
AKT CR4,7900000,53,2023
Honda PCX,7900000,53,2021
Bajaj Pulsar,7850000,53,2023
Yamaha NMax,7849000,53,2020
Bajaj Maxima Cargo,7800000,52,2023
Honda XRE,7800000,52,2023
Honda CB,7800000,52,2019
Bajaj Dominar,7800000,52,2021
Yamaha XTZ,7800000,52,2015
Bajaj Dominar,7800000,52,2020
VICTORY Swith,7800000,52,2023
Honda CB,7800000,52,2024
Royal Enfield Classic,7800000,52,2022
AKT 110,7800000,52,2021
Kawasaki Ninja,7800000,52,2021
Suzuki Sport Naked,7800000,51,2023
Yamaha NMax,7800000,51,2023
AKT TTR,7800000,51,2023
Yamaha XTZ,7800000,51,2022
BENELLI TNT,7800000,51,2023
Yamaha FZ,7800000,50,2021
Yamaha Xmax,7800000,50,2023
Bajaj Pulsar,7800000,50,2022
Suzuki DR,7800000,50,2022
Suzuki DR,7730000,50,2021
Suzuki Gsx,7700000,50,2020
Suzuki GIXXER,7700000,50,2023
TVS Apache,7700000,50,2022
AKT CR4,7700000,50,2022
Kawasaki Klr,7700000,50,2014
UM Renegade,7700000,50,2016
Suzuki GIXXER,7660000,50,2016
AKT Dynamic,7650000,50,2023
Bajaj Pulsar,7600000,50,2022
Yamaha Yzf,7600000,50,2020
Bajaj Pulsar,7600000,50,2018
BMW R1250,7600000,50,2020
Kawasaki Z,7600000,49,2014
Suzuki GSX,7600000,49,2023
Honda CB,7600000,49,2022
AKT AK,7600000,49,2022
Yamaha Bws,7549000,49,2011
BENELLI 180,7500000,49,2022
Yamaha SZ-R,7500000,49,2020
Bajaj Pulsar,7500000,49,2022
Bajaj Adventure,7500000,49,2022
Royal Enfield HIMALAYAN,7500000,49,2011
Yamaha Yzf,7500000,49,2022
Suzuki GIXXER,7500000,48,2023
Kymco Twist,7500000,48,2023
Bajaj Pulsar,7500000,48,2016
UM V2s,7500000,48,2008
BENELLI 302,7500000,48,2016
Bajaj Dominar,7500000,48,2021
Kawasaki Ninja,7500000,48,2016
Royal Enfield Rumbler,7500000,48,2021
VICTORY Bomber,7500000,48,2022
Honda CB,7500000,48,2015
Ducati Hypermotard,7500000,48,2022
Suzuki GIXXER,7500000,48,2022
Suzuki GIXXER,7500000,48,2022
Honda Dio,7500000,48,2023
TVS Apache,7500000,47,2019
VICTORY Bold,7500000,47,2023
Honda CBF,7500000,47,2021
KTM Duke,7500000,47,2017
Bajaj Pulsar,7500000,47,2021
AKT CR4,7500000,47,2020
Bajaj Pulsar,7500000,47,2022
Yamaha XTZ,7500000,47,2014
Yamaha FZ,7500000,47,2022
KTM Duke,7500000,46,2022
Honda XRE,7500000,46,2022
Honda Night How,7500000,46,1992
VICTORY Black,7500000,46,2023
VICTORY Black,7500000,46,2022
Bajaj Pulsar,7500000,46,2015
Suzuki DL650,7500000,46,2007
AKT Dynamic,7500000,46,2022
Honda CBR,7500000,46,2021
Suzuki GZ,7500000,46,2016
TVS Apache,7500000,46,2022
Yamaha FZ,7500000,46,2022
AIMA Power 3,7500000,46,2022
Hero Xpulse,7500000,46,2023
VICTORY Swith,7500000,45,2022
AKT TTR,7500000,45,2023
Suzuki GIXXER,7500000,45,2021
KTM Duke,7500000,45,2022
Yamaha Yzf,7500000,45,2021
AKT Dynamic,7500000,45,2023
Yamaha XT,7500000,45,2017
Yamaha MT,7500000,45,2020
BENELLI TNT,7500000,45,2022
Suzuki Turismo,7500000,45,2017
Bajaj Dominar,7500000,45,2022
Honda CBR,7500000,45,2019
Honda CB,7500000,45,2021
AKT RTX,7500000,45,2020
Kawasaki Ninja,7500000,45,2015
Honda Navi,7500000,45,2023
Yamaha FZ,7500000,45,2023
Kawasaki KX,7500000,45,2007
Kymco Fly,7500000,45,2014
Honda Navi,7500000,45,2023
Kawasaki KLX,7445000,45,2018
VICTORY Black,7400000,44,2023
AKT AK,7400000,44,2021
Bajaj Dominar,7400000,44,2023
Suzuki DR,7400000,44,2023
KTM Duke,7380000,44,2021
Bajaj Pulsar,7300000,44,2018
Suzuki GIXXER,7300000,44,2020
Kymco Agility,7300000,44,2020
Auteco Combat,7300000,44,2022
Honda Navi,7300000,43,2023
Kymco Twist,7300000,43,2023
VICTORY Swith,7300000,43,2023
Bajaj Dominar,7290000,43,2018
Royal Enfield Bullet,7290000,43,2023
Bajaj Pulsar,7200000,43,2022
AKT Flex,7200000,43,2019
AKT 125 Sport,7200000,43,2023
Yamaha FZ,7200000,43,2018
BENELLI TRK,7200000,43,2022
Yamaha Yzf,7200000,43,2014
AKT CR4,7200000,43,2023
Honda CB,7200000,43,2023
Royal Enfield Classic,7200000,43,2017
VICTORY Swith,7200000,43,2022
BENELLI 180,7200000,42,2022
Suzuki GIXXER,7200000,42,2021
AKT CR4,7200000,42,2022
Ducati Monster,7200000,42,2022
Auteco Combat,7200000,42,2022
TVS NTORQ,7200000,42,2022
BMW G 310,7200000,42,2022
AKT AK,7200000,42,2023
Bajaj Dominar,7100000,42,2018
Bajaj Pulsar,7100000,42,2023
Honda XRE,7100000,42,2020
Bajaj Discover,7100000,42,2018
VICTORY Advance,7000000,41,2023
TVS Apache,7000000,41,2020
BENELLI TNT,7000000,41,2022
Honda CB,7000000,41,2021
Kymco Xtown,7000000,41,2020
Honda CBR,7000000,41,2019
Bajaj Pulsar,7000000,40,2024
BMW S 1000,7000000,40,2022
Yamaha Yzf,7000000,40,2010
Bajaj Pulsar,7000000,40,2023
Bajaj Dominar,7000000,40,2023
Bajaj Pulsar,7000000,40,2023
Harley Davidson Street Glide,7000000,40,2018
VICTORY One,7000000,40,2021
VICTORY Bomber,7000000,40,2023
BENELLI TRK,7000000,40,2023
Bajaj Pulsar,7000000,40,2024
Bajaj Pulsar,7000000,40,2024
Honda XBlade,7000000,40,2022
BENELLI TRK,7000000,40,2023
UM Renegade,7000000,40,2010
TVS Apache,7000000,40,2019
Ducati Multistrada,7000000,40,2021
Kawasaki Z,7000000,39,2018
TVS Sport,7000000,39,2022
AKT TTR,7000000,39,2016
Yamaha Bws,7000000,39,2013
Honda Dio,7000000,39,2023
Yamaha MT,7000000,39,2020
Kymco Agility,7000000,39,2019
Kymco Downtown,7000000,39,2018
Honda CB,7000000,39,2017
BMW G 650,7000000,39,2010
Suzuki GIXXER,7000000,39,2023
Ducati Monster,7000000,39,2013
Royal Enfield Classic,7000000,39,2012
Hero Xpulse,7000000,38,2023
SYM Crox,7000000,38,2016
TVS Apache,7000000,38,2021
Yamaha Yzf,7000000,38,2016
Yamaha Fazer,7000000,38,2014
Suzuki GN,7000000,38,2015
TVS NTORQ,7000000,38,2022
TVS Apache,7000000,38,2020
Auteco KTZ,7000000,38,2019
KTM Duke,7000000,38,2020
BENELLI 180,7000000,38,2022
TVS Sport,7000000,37,2019
Royal Enfield Classic,7000000,37,2022
Honda PCX,7000000,37,2023
Yamaha MT,7000000,37,2022
BMW G 310,6999999,37,2021
BMW C650,6999000,37,2017
AKT 125 Sport,6950000,37,2022
SYM Crox,6900000,37,2019
BMW F 800,6900000,37,2017
Yamaha YCZ,6900000,37,2022
Suzuki GSX,6900000,37,2022
Kymco Urban,6900000,37,2019
VICTORY Black,6900000,37,2022
Honda XBlade,6900000,37,2023
Suzuki GSX,6900000,36,2022
Honda CB,6900000,36,2021
Yamaha R600,6900000,36,2009
KTM Adventure,6800000,36,2021
VICTORY Bold,6800000,36,2023
Yamaha Crypton,6800000,36,2023
Kymco Twist,6800000,36,2020
Yamaha Bws,6800000,36,2018
Hero Dash,6800000,36,2023
AKT 125 Sport,6800000,35,2022
KTM Duke,6800000,35,2021
KTM Duke,6800000,35,2021
Honda XBlade,6800000,35,2023
Yamaha Bws,6800000,35,2010
Honda CBR,6800000,35,1993
Yamaha FZ,6800000,35,2023
Suzuki Gs,6800000,35,2015
BMW G 650,6800000,35,2011
BMW G 310,6800000,35,2022
Yamaha FZ,6800000,35,2020
Honda CB,6800000,35,2018
BENELLI TRK,6800000,35,2022
Suzuki AX,6790000,35,2013
Honda XRE,6750000,35,2022
Yamaha SZ-R,6700000,35,2022
Yamaha FZ,6700000,35,2022
Ducati Scrambler,6700000,35,2020
Bajaj Boxer,6700000,34,2022
Kymco Agility,6700000,34,2017
Suzuki Gsr,6700000,34,2012
Honda Elite,6700000,34,2013
VICTORY Swith,6700000,34,2022
Yamaha FZ,6700000,34,2018
Hero Splendor,6700000,34,2019
Honda CBF,6699999,34,2023
Ducati Multistrada,6690000,34,2014
AKT CR4,6600000,34,2023
KTM Adventure,6600000,34,2022
BENELLI 502,6600000,34,2023
Yamaha NMax,6600000,34,2018
AKT CR4,6600000,34,2023
BMW F 800,6600000,33,2014
AKT Dynamic,6600000,33,2018
Honda Dio,6600000,33,2022
BMW R 1200,6600000,33,2012
Bajaj Dominar,6590000,33,2022
Hero Eco,6500000,33,2020
Yamaha Fazer,6500000,33,2012
Yamaha Bws,6500000,33,2018
TVS Apache,6500000,32,2023
Suzuki Vstrom,6500000,32,2020
TVS Apache,6500000,32,2023
Suzuki GSX,6500000,32,2017
Honda CB,6500000,32,2022
TVS Apache,6500000,32,2022
Yamaha NMax,6500000,32,2020
TVS Apache,6500000,32,2022
Bajaj Dominar,6500000,32,2021
Yamaha FZ,6500000,32,2021
Suzuki Gs,6500000,32,2019
Kymco Agility,6500000,32,2019
VICTORY Bold,6500000,32,2023
BMW R1250,6500000,32,2021
VICTORY Bold,6500000,32,2022
VICTORY One,6500000,32,2022
AKT CR4,6500000,32,2022
KTM Duke,6500000,31,2021
Bajaj Boxer,6500000,31,2022
Yamaha Fazer,6500000,31,2019
Honda CBR,6500000,31,2018
BENELLI 180,6500000,31,2023
Bajaj Plus,6500000,30,2010
Suzuki Burgman,6500000,30,2020
Honda Navi,6500000,30,2023
KTM Duke,6500000,30,2022
AKT CR4,6500000,30,2023
Hero Xpulse,6500000,30,2023
Bajaj Pulsar,6500000,30,2020
AKT AK,6500000,30,2020
Honda Click,6500000,30,2016
AKT 125 Sport,6500000,30,2023
Kymco Agility,6500000,30,2022
Ciclomoto Playera,6500000,30,2022
Yamaha XTZ,6500000,30,2021
VICTORY Life,6500000,30,2021
AKT AK,6500000,30,2022
Suzuki Gsx,6500000,30,2019
Honda XBlade,6500000,30,2022
AKT 125 Sport,6500000,30,2022
Bajaj Boxer,6500000,30,2020
Kymco Spike,6500000,30,2020
VICTORY Bomber,6500000,30,2023
Suzuki GIXXER,6500000,30,2021
BMW F 700,6499999,30,2017
KTM Duke,6499000,30,2018
VICTORY Bold,6400000,30,2023
Yamaha Bws,6400000,30,2016
Kymco Twist,6400000,30,2017
Yamaha Fazer,6400000,30,2014
TVS NTORQ,6400000,30,2023
Bajaj Boxer,6399999,30,2012
Ducati Hypermotard,6300000,30,2013
Kawasaki Ninja,6300000,30,2020
Honda Dio,6300000,30,2022
AKT AK,6300000,30,2021
Ducati Streetfighter,6300000,29,2022
Honda CB,6300000,29,2020
AKT Dynamic,6300000,29,2019
Yamaha Mt03,6300000,29,2022
Yamaha Raptor YFM,6300000,29,2009
AKT TT,6300000,29,2023
VICTORY Nitro,6300000,29,2021
Suzuki Gs,6300000,29,2011
Royal Enfield HIMALAYAN,6290000,29,2019
VICTORY Venom,6290000,29,2023
Honda CB,6250000,28,2018
Yamaha XTZ,6200000,28,2015
Yamaha FZ,6200000,28,2023
AKT AK,6200000,28,2016
Yamaha XT,6200000,28,2007
VICTORY One,6200000,28,2023
Suzuki BEST,6200000,28,2022
Auteco KTZ,6200000,28,2023
AKT CR4,6200000,28,2023
BENELLI TNT,6200000,27,2022
TVS Apache,6200000,27,2023
AKT AK,6200000,27,2023
TVS Apache,6200000,27,2022
BMW C400,6200000,27,2019
AKT TTR,6200000,27,2023
Honda CB,6150000,27,2020
Yamaha XTZ,6100000,27,2020
Honda XRE,6100000,27,2017
Bajaj Pulsar,6100000,27,2022
Yamaha FZ,6050000,27,2019
AKT CR4,6000000,27,2022
AKT Jet 4,6000000,27,2014
AKT Evo,6000000,27,2013
KTM Duke,6000000,27,2018
AKT AK,6000000,27,2021
Bajaj Pulsar,6000000,27,2022
Piaggio Motocarro,6000000,27,2019
Royal Enfield Bullet,6000000,27,2017
Bajaj Xtreet,6000000,27,2023
AKT 125 Sport,6000000,27,2022
Kymco Agility,6000000,27,2017
Auteco Combat,6000000,26,2023
Bajaj Dominar,6000000,26,2022
Hero Eco,6000000,26,2023
Bajaj Pulsar,6000000,26,2020
Honda CBR,6000000,26,2023
BMW G 310,6000000,26,2019
BMW G 310,6000000,26,2019
Royal Enfield Classic,6000000,26,2023
Yamaha NMax,6000000,26,2019
AKT CR5,6000000,26,2019
Honda Dio,6000000,26,2019
Jialing Enduro,6000000,26,2011
Suzuki Lets,6000000,26,2016
Yamaha FZ,6000000,26,2021
Yamaha MT,6000000,26,2018
AKT AK,6000000,26,2022
Suzuki GZ,6000000,26,2017
AKT Urbana,6000000,26,2020
AKT 125 Sport,6000000,26,2020
Hero Hunk,6000000,26,2022
Yamaha MT,6000000,25,2023
VICTORY Life,6000000,25,2021
Suzuki DL650,6000000,25,2016
Suzuki Gsx,6000000,25,2022
KTM Duke,6000000,25,2021
AKT 125 Sport,6000000,25,2023
Hero Xpulse,6000000,25,2021
Yamaha NMax,6000000,25,2021
Honda CBR,6000000,25,2019
Yamaha MT,6000000,25,2020
TVS Apache,6000000,25,2022
KTM Duke,6000000,25,2023
AKT AK,6000000,25,2023
Kymco Agility,6000000,25,2019
BMW F 700,6000000,25,2015
Bajaj Pulsar,6000000,25,2016
Bajaj Dominar,6000000,25,2022
AKT Jet 4,5900000,25,2011
Hero Thriller,5900000,25,2021
AKT CR4,5900000,25,2021
Kawasaki Versys,5900000,25,2020
Yamaha MT,5900000,25,2021
Bajaj Pulsar,5900000,25,2018
Bajaj Boxer,5900000,25,2022
Suzuki Gs,5900000,25,2012
TVS Apache,5900000,25,2022
Bajaj Maxima Cargo,5900000,25,2016
Kymco Agility,5900000,25,2010
AKT TT,5900000,25,2023
AKT CR4,5900000,25,2021
Yamaha Bws,5900000,25,2015
Bajaj 302,5900000,25,2022
Hero Hunk,5900000,25,2022
KTM Duke,5900000,25,2022
AKT TTR,5850000,25,2022
TVS Apache,5800000,25,2023
Suzuki GIXXER,5800000,25,2020
Bajaj Dominar,5800000,24,2019
Yamaha Fazer,5800000,24,2019
Jialing Enduro,5800000,24,2012
Bajaj Pulsar,5800000,24,2008
Kymco Agility,5800000,24,2021
KTM Duke,5800000,24,2021
AKT TTR,5800000,24,2015
Yamaha FZ,5800000,24,2021
Kymco Agility,5800000,24,2022
Bajaj Pulsar,5800000,24,2022
Yamaha Bws,5800000,24,2021
Kawasaki Ninja,5700000,24,2013
Vespa SXL,5700000,24,2021
VICTORY One,5700000,24,2023
AKT AK,5700000,24,2022
KTM Niños,5700000,24,2002
Yamaha FZ,5700000,24,2019
AKT TVS,5700000,24,2017
KTM Duke,5700000,24,2021
Kymco Agility,5700000,23,2023
TVS NTORQ,5700000,23,2022
AKT Urbana,5690000,23,2019
Kymco Downtown,5600000,23,2016
VICTORY Bomber,5600000,23,2022
Honda XR,5600000,23,2022
Kymco Agility,5600000,23,2022
Yamaha SZ-R,5600000,23,2022
Kymco Downtown,5600000,23,2016
Hero Hunk,5600000,23,2023
BENELLI 180,5600000,23,2023
Kymco Agility,5600000,23,2015
Bajaj Pulsar,5500000,23,2022
TVS Apache,5500000,23,2020
Suzuki GSX,5500000,23,2019
Honda Step,5500000,23,2022
AKT 125 Sport,5500000,22,2008
Bajaj Pulsar,5500000,22,2022
Yamaha Tracer,5500000,22,2020
Bajaj Pulsar,5500000,22,2022
Yamaha DT,5500000,22,1983
Kymco Spike,5500000,22,2022
Polaris Sportsman,5500000,22,2023
Hero Splendor,5500000,22,2022
BENELLI 502,5500000,22,2023
AKT TT,5500000,22,2016
Yamaha NMax,5500000,22,2020
Yamaha XTZ,5500000,22,2022
Honda CRF,5500000,22,2022
Yamaha MT,5500000,22,2014
Yamaha Bws,5500000,22,2021
TVS Apache,5500000,22,2022
Vespa VXL,5500000,22,2021
Yamaha Ybr,5500000,22,2015
Vespa VXL,5500000,21,2017
BMW F750,5500000,21,2020
Yamaha Fazer,5500000,21,2016
Honda CBR,5500000,21,2015
Royal Enfield HIMALAYAN,5500000,21,2022
Hero Hunk,5500000,21,2023
Honda CB,5500000,21,2020
TVS Sport,5500000,21,2022
Honda CB,5500000,21,2020
AKT Evo,5500000,21,2016
Kymco Fly,5500000,20,2016
AKT Dynamic,5500000,20,2022
Hero Hunk,5500000,20,2022
TVS Apache,5500000,20,2021
Yamaha XTZ,5500000,20,2022
Honda CB,5500000,20,2014
Kymco Twist,5500000,20,2019
Kymco Agility,5500000,20,2020
Yamaha Yzf,5500000,20,2022
TVS Apache,5500000,20,2020
AKT AK,5500000,20,2020
AKT AK,5500000,20,2023
SYM Crox,5500000,20,2016
Yamaha FZ,5500000,20,2018
Honda CBF,5500000,20,2020
Bajaj Dominar,5500000,20,2022
AKT CR4,5400000,20,2022
Yamaha FZ,5400000,20,2023
TVS Apache,5400000,20,2022
Honda CB,5400000,20,2022
Honda CB,5400000,20,2019
Bajaj Boxer,5400000,20,2023
Honda CBR,5400000,20,2022
Bajaj Pulsar,5390000,20,2021
AKT Adventure,5350000,20,2018
Honda Elite,5349000,20,2012
TVS Apache,5300000,20,2017
Yamaha Yzf,5300000,19,2019
Kymco Urban,5300000,19,2019
TVS Apache,5300000,19,2022
Bajaj Pulsar,5300000,19,2016
TVS NTORQ,5300000,19,2022
AKT Evo,5300000,19,2013
BENELLI TNT,5300000,19,2022
Kawasaki Z,5300000,19,2016
Auteco Bravo,5300000,19,2017
AKT TT,5300000,19,2021
Yamaha SZ-R,5200000,19,2023
Hero Hunk,5200000,19,2022
KTM Duke,5200000,19,2018
AKT TT,5200000,19,2021
Honda XRE,5200000,19,2022
AKT AK,5200000,19,2022
Suzuki Vstrom,5200000,19,2018
Honda CBX,5200000,19,2017
KTM Duke,5200000,19,2022
Honda CBF,5200000,19,2023
TVS Apache,5200000,19,2022
Honda CBF,5200000,19,2018
TVS Apache,5200000,19,2022
Suzuki Gsx,5200000,19,2019
SYM Crox,5200000,19,2016
CAN-AM Outlander,5200000,19,2011
Bajaj Pulsar,5100000,19,2013
TVS Apache,5100000,18,2022
AKT 125 Sport,5100000,18,2019
VICTORY Swith,5100000,18,2021
BENELLI TNT,5100000,18,2019
AKT TVS,5000000,18,2021
Suzuki GIXXER,5000000,18,2020
Suzuki Gsx,5000000,18,2015
VICTORY One,5000000,18,2022
Bajaj Motocarro,5000000,18,2022
Kawasaki Versys,5000000,18,2020
Kymco Agility,5000000,18,2020
Bajaj Dominar,5000000,18,2022
Honda CBF,5000000,18,2017
Yamaha SZ-R,5000000,18,2019
Honda CB,5000000,18,2017
Yamaha MT,5000000,18,2019
Kymco Agility,5000000,18,2019
Bajaj Dominar,5000000,18,2023
Royal Enfield Rumbler,5000000,18,2022
Bajaj Pulsar,5000000,18,2022
Hero Xpulse,5000000,18,2022
Honda CBR,5000000,18,2015
BMW G 310,5000000,18,2018
Suzuki Gsr,5000000,18,2022
Yamaha FZ,5000000,18,2022
BENELLI 180,5000000,18,2022
TVS Max,5000000,18,2022
Yamaha NMax,5000000,18,2022
Hero Splendor,5000000,18,2018
VICTORY Bomber,5000000,17,2023
VICTORY Zontes,5000000,17,2023
VICTORY Life,5000000,17,2022
Bajaj Discover,5000000,17,2016
Yamaha SZ-R,5000000,17,2015
Kymco Fly,5000000,17,2015
TVS Apache,5000000,17,2014
BENELLI 752,5000000,17,2023
Honda Transalp,5000000,17,2006
Yamaha Bws,5000000,17,2015
VICTORY Bomber,5000000,17,2023
TVS Sport,5000000,17,2022
VICTORY Bold,5000000,17,2022
AKT RTX,5000000,17,2016
Yamaha XTZ,5000000,17,2021
Yamaha Fazer,5000000,17,2016
Ecobike City,5000000,17,2022
Honda CB,5000000,17,2022
Honda CB,5000000,17,2022
Kawasaki Ninja,5000000,17,2016
AKT AK,5000000,17,2021
Ducati Hypermotard,5000000,16,2015
Hero Thriller,5000000,16,2015
Hero Ignitor,4950009,16,2023
Yamaha YCZ,4900000,16,2020
VICTORY Swith,4900000,16,2022
Bajaj Dominar,4900000,16,2020
Bajaj Avenger,4900000,16,2017
KTM 250,4900000,16,2021
Suzuki GIXXER,4900000,16,2022
Honda XRE,4900000,16,2020
Suzuki DR,4800000,16,2021
Hero Thriller,4800000,16,2023
Bajaj Discover,4800000,16,2013
Honda XBlade,4800000,16,2022
AKT Special,4800000,16,2022
Yamaha FZ,4800000,16,2019
VICTORY One,4800000,16,2021
Yamaha FZ,4800000,16,2020
Bajaj Dominar,4800000,16,2021
Yamaha Yzf,4800000,16,2016
Yamaha FZ,4800000,16,2020
AKT TTR,4800000,16,2021
Honda CB,4800000,16,2022
AKT 125 Sport,4800000,16,2020
Hero Xpulse,4800000,16,2021
Auteco Combat,4800000,16,2021
AKT 125 Sport,4800000,15,2021
Honda Navi,4800000,15,2020
AKT AK,4700000,15,2020
TVS Raider,4700000,15,2023
VICTORY Advance,4700000,15,2019
Honda Navi,4700000,15,2020
Yamaha Virago,4700000,15,1995
Yamaha Xmax,4700000,15,2020
Yamaha Yzf,4700000,15,2022
Honda XRE,4700000,15,2020
Suzuki GIXXER,4700000,15,2017
CAN-AM Outlander,4700000,15,2014
Titania Tuono,4700000,15,2007
Yamaha Bws,4690000,15,2022
AKT TTR,4659900,15,2020
KTM Duke,4600000,15,2022
Bajaj Dominar,4600000,15,2022
TVS Apache,4600000,15,2022
Bajaj Pulsar,4600000,15,2021
Bajaj Pulsar,4600000,15,2022
Yamaha Libero,4600000,15,2020
Yamaha Ybr,4500000,15,2012
Honda CBF,4500000,15,2021
Suzuki BEST,4500000,14,2017
KTM Duke,4500000,14,2022
Hero Xpulse,4500000,14,2021
AKT AK,4500000,14,2020
Bajaj Pulsar,4500000,14,2015
Honda Dream Neo,4500000,14,2021
BMW F900,4500000,14,2021
AKT Dynamic,4500000,14,2017
Ducati Hypermotard,4500000,14,2010
VICTORY Bomber,4500000,14,2022
Yamaha FZ,4500000,14,2022
Honda XR,4500000,14,2022
Hero Thriller,4500000,14,2020
KTM Duke,4500000,14,2021
TVS Apache,4500000,14,2022
Hero Splendor,4500000,14,2017
Yamaha Raptor YFM,4500000,14,2015
AKT CR4,4500000,14,2020
Honda XRE,4500000,14,2018
VICTORY Advance,4500000,14,2023
TVS Apache,4500000,14,2022
Yamaha YBRZ,4500000,14,2022
Yamaha FZ,4500000,14,2018
Yamaha FZ,4500000,14,2021
Hero Hunk,4500000,13,2022
VICTORY One,4500000,13,2021
Suzuki Gs,4500000,13,2016
Hero Thriller,4500000,13,2023
KTM Duke,4500000,13,2022
Honda CBF,4500000,13,2008
Husqvarna Svartpilen,4500000,13,2021
TVS NTORQ,4500000,13,2022
VICTORY Advance,4500000,13,2022
Yamaha YBRZ,4500000,13,2015
BMW F 700,4500000,13,2018
KTM Adventure,4500000,13,2021
Royal Enfield HIMALAYAN,4500000,13,2020
Suzuki GZ,4500000,13,2016
AKT TTR,4500000,13,2019
Yamaha Yzf,4500000,13,2019
Suzuki GIXXER,4500000,13,2020
Honda CB,4500000,13,2019
Yamaha Yzf,4500000,13,2012
AKT 125 Sport,4500000,13,2020
AKT TT,4500000,13,2021
Kymco Fly,4489900,13,2014
Yamaha XT,4400000,13,2016
AKT TTR,4400000,13,2023
Honda CB,4400000,13,2015
VICTORY Black,4400000,13,2021
Honda CB,4400000,12,2017
Bajaj Motocarro,4400000,12,2018
Yamaha Fazer,4390000,12,2016
Yamaha Bws,4390000,12,2020
Honda Dream Neo,4350000,12,2021
Kymco Spike,4300000,12,2016
AKT AK,4300000,12,2021
Bajaj Discover,4300000,12,2020
AKT CR4,4300000,12,2019
TVS Apache,4300000,12,2021
Suzuki GSX,4300000,12,2018
VICTORY Black,4300000,12,2021
VICTORY Bomber,4300000,12,2023
Yamaha MT,4300000,12,2018
BENELLI TNT,4300000,12,2022
TVS Apache,4300000,12,2022
KTM RC,4300000,12,2017
Yamaha FZ,4250000,12,2019
AKT Jet 4,4200000,12,2017
Bajaj Motocarro,4200000,12,2021
Sigma SG,4200000,12,2019
Bajaj Pulsar,4200000,12,2021
Yamaha XTZ,4200000,12,2020
Yamaha FZ,4200000,12,2013
AKT 125 Sport,4200000,12,2019
BENELLI TRK,4200000,12,2022
AKT CR4,4200000,12,2022
Vespa PX,4200000,12,1995
Auteco Combat,4200000,12,2022
Honda XRE,4200000,12,2017
Honda Dio,4200000,12,2021
Hero Thriller,4200000,11,2017
AKT Dynamic,4200000,11,2018
Kymco Twist,4200000,11,2019
AKT Jet 4,4200000,11,2016
AKT CR4,4200000,11,2022
Yamaha Bws,4200000,11,2016
Suzuki Address,4200000,11,2022
KTM Duke,4200000,11,2021
AKT AK,4100000,11,2023
Suzuki GN,4100000,11,2018
AKT Dynamic,4100000,11,2022
Kawasaki KLX,4100000,11,2019
AKT CR5,4100000,10,2020
Honda XR,4100000,10,2008
Kawasaki Er-6n,4050000,10,2014
Kawasaki Versys,4000000,10,2020
Suzuki Gs,4000000,10,2019
VICTORY MRX,4000000,10,2022
Honda CBF,4000000,10,2022
TVS NTORQ,4000000,10,2022
BENELLI 180,4000000,10,2022
VICTORY MRX,4000000,10,2021
BMW R 850,4000000,10,2019
Honda Dio,4000000,10,2017
Hero Hunk,4000000,10,2022
Bajaj Pulsar,4000000,10,2019
Bajaj Pulsar,4000000,10,2022
Yamaha MT,4000000,9,2022
Ducati Hypermotard,4000000,9,2020
Honda PCX,4000000,9,2022
Yamaha Fazer,4000000,9,2014
Honda CB,4000000,9,2020
VICTORY MRX,4000000,9,2021
Kawasaki Z,4000000,9,2017
Hero Hunk,4000000,9,2022
Ducati Streetfighter,4000000,9,2010
VICTORY Advance,4000000,9,2021
KTM Duke,4000000,9,2021
Yamaha FZ,4000000,9,2020
BENELLI TNT,4000000,9,2022
Honda Wave,4000000,9,2022
Yamaha FZ,4000000,9,2022
Bajaj Pulsar,3999000,9,2014
Harley Davidson Sportster,3950000,9,2019
TVS Apache,3950000,9,2022
TVS Apache,3950000,9,2022
Honda CBR,3950000,8,2015
Bajaj Pulsar,3900000,8,2019
Hero Splendor,3900000,8,2022
AKT AK,3800000,8,2019
VICTORY Life,3800000,8,2021
AKT TTR,3800000,8,2016
Hero Xpulse,3800000,8,2021
Hero Thriller,3800000,8,2021
Honda CB,3800000,8,2020
Hero Hunk,3800000,8,2022
KTM Duke,3800000,8,2019
Yamaha Yzf,3800000,8,2021
Suzuki GSX,3800000,8,2021
Honda XR,3800000,8,2022
AKT CR4,3800000,8,2022
Yamaha Fazer,3800000,8,2015
Suzuki Lets,3800000,8,2019
Bajaj Dominar,3800000,8,2022
Yamaha Fazer,3800000,8,2012
Suzuki AX,3800000,8,2019
BENELLI TNT,3800000,8,2021
Yamaha Raptor YFM,3770000,8,2012
Keeway Super Light,3700000,8,2021
Suzuki GIXXER,3700000,8,2021
AKT AK,3700000,8,2022
Honda CB,3700000,8,2021
Yamaha Bws,3700000,7,2019
Hero Eco,3700000,7,2018
AKT AK,3700000,7,2023
BMW G 310,3700000,7,2017
VICTORY Swith,3650000,7,2022
Yamaha XT,3600000,7,2016
KTM Duke,3600000,7,2018
VICTORY Bomber,3600000,7,2022
Honda Dream Neo,3600000,7,2017
Kawasaki Ninja,3600000,7,2017
Honda CB,3600000,7,2012
MACBOR Rockster,3600000,7,2019
Honda PCX,3600000,7,2022
AKT TTR,3550000,7,2021
VICTORY Flow,3500000,7,2020
Kymco Agility,3500000,7,2020
Yamaha Tracer,3500000,7,2015
Yamaha Fazer,3500000,7,2012
Royal Enfield HIMALAYAN,3500000,7,2018
AKT Dynamic,3500000,7,2020
KTM RC,3500000,7,2017
Honda CB,3500000,6,2018
Yamaha FZ,3500000,6,2022
BMW F900,3500000,6,2021
Honda VFR,3500000,6,2015
Suzuki GSX,3500000,6,2022
Yamaha Yzf,3500000,6,2020
Kymco Urban,3500000,6,2019
AYCO Cyclone,3500000,6,2020
Suzuki GN,3500000,6,2022
Hero Thriller,3500000,6,2021
TVS Apache,3500000,6,2021
Kawasaki Versys,3500000,6,2019
Yamaha MT,3500000,6,2016
Sigma SG,3500000,6,2016
Bajaj Dominar,3500000,6,2021
Bajaj Pulsar,3500000,6,2022
Honda CBF,3500000,6,2022
Yamaha YZ,3500000,6,2011
TVS Apache,3500000,5,2022
AKT 125 Sport,3500000,5,2020
VICTORY Nitro,3500000,5,2021
TVS Apache,3500000,5,2022
Yamaha Fazer,3500000,5,2019
Kymco Twist,3400000,5,2020
Bajaj Dominar,3400000,5,2019
Kawasaki Vulcan,3400000,5,1995
Yamaha Yzf,3400000,5,2020
Kawasaki KLX,3400000,5,2017
Suzuki GSX,3400000,5,2021
Suzuki GN,3400000,5,2020
Kymco Fly,3350000,5,2017
VICTORY Bold,3350000,5,2021
Yamaha SZ-R,3300000,5,2016
Yamaha FZ,3300000,4,2022
Bajaj Dominar,3300000,4,2022
Yamaha FZ,3300000,4,2022
AKT 125 Sport,3290000,4,2022
Hero Hunk,3200000,4,2022
Honda CBR,3200000,4,2015
VICTORY MRX,3200000,4,2021
KTM Duke,3200000,4,2021
Yamaha FZ,3200000,4,2021
BENELLI TNT,3200000,4,2022
Yamaha FZ,3200000,4,2021
Yamaha Yzf,3200000,4,2017
TVS Apache,3200000,4,2015
Honda XR,3200000,4,2020
VICTORY Nitro,3200000,3,2022
Honda XBlade,3200000,3,2022
Bajaj Boxer,3100000,3,2009
AKT CR4,3100000,3,2022
Honda CBF,3100000,3,2008
AKT 125 Sport,3000000,3,2021
TVS Apache,3000000,3,2017
Yamaha YCZ,3000000,3,2019
Yamaha Fazer,3000000,3,2021
BMW G 650,3000000,3,2016
AKT Dynamic,3000000,2,2015
Honda CB,3000000,2,2021
Honda Navi,3000000,2,2021
Honda C-100,3000000,2,2012
Honda Tornado,3000000,2,1993
Bajaj Pulsar,3000000,2,2020
Kymco Twist,3000000,2,2020
TVS Apache,3000000,2,2022
Auteco Legend,3000000,2,2002
Yamaha FZ,2900000,2,2019
TVS Apache,2900000,2,2019
Honda CB,2900000,1,2020
Bajaj Discover,2900000,1,2020
Yamaha XT,2800000,1,1978
Honda Muv,2800000,1,2014
Honda CBZ,2800000,1,2022
Bajaj Discover,2800000,1,2020
Vespa PX,2800000,1,1995
AKT Jet 4,2700000,1,2017
AKT AK,2700000,1,2021
Suzuki DL650,2700000,1,2016
AKT 125 Sport,2700000,1,2011
Hero Thriller,2700000,1,2020
AKT TTR,2500000,0,2021
Suzuki GIXXER,2500000,0,2018
Suzuki GIXXER,2500000,0,2020
TVS Apache,2500000,0,2021
Suzuki Gsx,2500000,0,2020
Bajaj Discover,2500000,0,2016
Kymco Twist,2500000,0,2020
Kymco Fly,2500000,0,2013
BMW GS 1200,2500000,0,2012
AKT Adventure,2500000,0,2016
Honda Dio,2300000,0,2019
LML Star,2200000,0,2001
Suzuki GIXXER,2200000,0,2021
KTM Duke,2200000,0,2021
BMW R 1100,2200000,0,2020
Honda CBR,2000000,0,2014
Hero Thriller,2000000,0,2022
Bajaj Dominar,2000000,0,2022
Honda CBR,2000000,0,2016
Yamaha Fazer,2000000,0,2014
Honda Eco,2000000,0,2022
Kawasaki KLX,2000000,0,2019
Bajaj Pulsar,1900000,0,2020
Bajaj Pulsar,1900000,0,2009
Kymco Fly,1900000,0,2013
Honda XL,1700000,0,1982
Yamaha Yzf,1500000,0,2011
Harley Davidson Softail,1300000,0,1997
AKT AK,1300000,0,2013